"month","country"
"2017-11","UM"
"2017-12","UM"
"2018-1","UM"
"2018-2","UM"
"2018-3","UM"
"2018-4","UM"
"2018-5","UM"
"2018-6","UM"
"2018-7","UM"
"2018-8","UM"
"2018-9","UM"
"2018-10","UM"
"2018-11","UM"
"2018-12","UM"
"2019-1","UM"
"2019-2","UM"
"2017-11","HM"
"2017-12","HM"
"2018-1","HM"
"2018-2","HM"
"2018-3","HM"
"2018-4","HM"
"2018-5","HM"
"2018-6","HM"
"2018-7","HM"
"2018-8","HM"
"2018-9","HM"
"2018-10","HM"
"2018-11","HM"
"2018-12","HM"
"2019-1","HM"
"2019-2","HM"
"2017-11","AX"
"2017-12","AX"
"2018-1","AX"
"2018-2","AX"
"2018-3","AX"
"2018-4","AX"
"2018-5","AX"
"2018-6","AX"
"2018-7","AX"
"2018-8","AX"
"2018-9","AX"
"2018-10","AX"
"2018-11","AX"
"2018-12","AX"
"2019-1","AX"
"2019-2","AX"
"2017-11","ZW"
"2017-12","ZW"
"2018-1","ZW"
"2018-2","ZW"
"2018-3","ZW"
"2018-4","ZW"
"2018-5","ZW"
"2018-6","ZW"
"2018-7","ZW"
"2018-8","ZW"
"2018-9","ZW"
"2018-10","ZW"
"2018-11","ZW"
"2018-12","ZW"
"2019-1","ZW"
"2019-2","ZW"
"2017-11","ZM"
"2017-12","ZM"
"2018-1","ZM"
"2018-2","ZM"
"2018-3","ZM"
"2018-4","ZM"
"2018-5","ZM"
"2018-6","ZM"
"2018-7","ZM"
"2018-8","ZM"
"2018-9","ZM"
"2018-10","ZM"
"2018-11","ZM"
"2018-12","ZM"
"2019-1","ZM"
"2019-2","ZM"
"2017-11","EH"
"2017-12","EH"
"2018-1","EH"
"2018-2","EH"
"2018-3","EH"
"2018-4","EH"
"2018-5","EH"
"2018-6","EH"
"2018-7","EH"
"2018-8","EH"
"2018-9","EH"
"2018-10","EH"
"2018-11","EH"
"2018-12","EH"
"2019-1","EH"
"2019-2","EH"
"2017-11","VN"
"2017-12","VN"
"2018-1","VN"
"2018-2","VN"
"2018-3","VN"
"2018-4","VN"
"2018-5","VN"
"2018-6","VN"
"2018-7","VN"
"2018-8","VN"
"2018-9","VN"
"2018-10","VN"
"2018-11","VN"
"2018-12","VN"
"2019-1","VN"
"2019-2","VN"
"2017-11","VA"
"2017-12","VA"
"2018-1","VA"
"2018-2","VA"
"2018-3","VA"
"2018-4","VA"
"2018-5","VA"
"2018-6","VA"
"2018-7","VA"
"2018-8","VA"
"2018-9","VA"
"2018-10","VA"
"2018-11","VA"
"2018-12","VA"
"2019-1","VA"
"2019-2","VA"
"2017-11","VU"
"2017-12","VU"
"2018-1","VU"
"2018-2","VU"
"2018-3","VU"
"2018-4","VU"
"2018-5","VU"
"2018-6","VU"
"2018-7","VU"
"2018-8","VU"
"2018-9","VU"
"2018-10","VU"
"2018-11","VU"
"2018-12","VU"
"2019-1","VU"
"2019-2","VU"
"2017-11","UY"
"2017-12","UY"
"2018-1","UY"
"2018-2","UY"
"2018-3","UY"
"2018-4","UY"
"2018-5","UY"
"2018-6","UY"
"2018-7","UY"
"2018-8","UY"
"2018-9","UY"
"2018-10","UY"
"2018-11","UY"
"2018-12","UY"
"2019-1","UY"
"2019-2","UY"
"2017-11","US"
"2017-12","US"
"2018-1","US"
"2018-2","US"
"2018-3","US"
"2018-4","US"
"2018-5","US"
"2018-6","US"
"2018-7","US"
"2018-8","US"
"2018-9","US"
"2018-10","US"
"2018-11","US"
"2018-12","US"
"2019-1","US"
"2019-2","US"
"2017-11","GB"
"2017-12","GB"
"2018-1","GB"
"2018-2","GB"
"2018-3","GB"
"2018-4","GB"
"2018-5","GB"
"2018-6","GB"
"2018-7","GB"
"2018-8","GB"
"2018-9","GB"
"2018-10","GB"
"2018-11","GB"
"2018-12","GB"
"2019-1","GB"
"2019-2","GB"
"2017-11","AE"
"2017-12","AE"
"2018-1","AE"
"2018-2","AE"
"2018-3","AE"
"2018-4","AE"
"2018-5","AE"
"2018-6","AE"
"2018-7","AE"
"2018-8","AE"
"2018-9","AE"
"2018-10","AE"
"2018-11","AE"
"2018-12","AE"
"2019-1","AE"
"2019-2","AE"
"2017-11","UA"
"2017-12","UA"
"2018-1","UA"
"2018-2","UA"
"2018-3","UA"
"2018-4","UA"
"2018-5","UA"
"2018-6","UA"
"2018-7","UA"
"2018-8","UA"
"2018-9","UA"
"2018-10","UA"
"2018-11","UA"
"2018-12","UA"
"2019-1","UA"
"2019-2","UA"
"2017-11","UG"
"2017-12","UG"
"2018-1","UG"
"2018-2","UG"
"2018-3","UG"
"2018-4","UG"
"2018-5","UG"
"2018-6","UG"
"2018-7","UG"
"2018-8","UG"
"2018-9","UG"
"2018-10","UG"
"2018-11","UG"
"2018-12","UG"
"2019-1","UG"
"2019-2","UG"
"2017-11","TR"
"2017-12","TR"
"2018-1","TR"
"2018-2","TR"
"2018-3","TR"
"2018-4","TR"
"2018-5","TR"
"2018-6","TR"
"2018-7","TR"
"2018-8","TR"
"2018-9","TR"
"2018-10","TR"
"2018-11","TR"
"2018-12","TR"
"2019-1","TR"
"2019-2","TR"
"2017-11","TN"
"2017-12","TN"
"2018-1","TN"
"2018-2","TN"
"2018-3","TN"
"2018-4","TN"
"2018-5","TN"
"2018-6","TN"
"2018-7","TN"
"2018-8","TN"
"2018-9","TN"
"2018-10","TN"
"2018-11","TN"
"2018-12","TN"
"2019-1","TN"
"2019-2","TN"
"2017-11","TT"
"2017-12","TT"
"2018-1","TT"
"2018-2","TT"
"2018-3","TT"
"2018-4","TT"
"2018-5","TT"
"2018-6","TT"
"2018-7","TT"
"2018-8","TT"
"2018-9","TT"
"2018-10","TT"
"2018-11","TT"
"2018-12","TT"
"2019-1","TT"
"2019-2","TT"
"2017-11","TO"
"2017-12","TO"
"2018-1","TO"
"2018-2","TO"
"2018-3","TO"
"2018-4","TO"
"2018-5","TO"
"2018-6","TO"
"2018-7","TO"
"2018-8","TO"
"2018-9","TO"
"2018-10","TO"
"2018-11","TO"
"2018-12","TO"
"2019-1","TO"
"2019-2","TO"
"2017-11","TG"
"2017-12","TG"
"2018-1","TG"
"2018-2","TG"
"2018-3","TG"
"2018-4","TG"
"2018-5","TG"
"2018-6","TG"
"2018-7","TG"
"2018-8","TG"
"2018-9","TG"
"2018-10","TG"
"2018-11","TG"
"2018-12","TG"
"2019-1","TG"
"2019-2","TG"
"2017-11","TL"
"2017-12","TL"
"2018-1","TL"
"2018-2","TL"
"2018-3","TL"
"2018-4","TL"
"2018-5","TL"
"2018-6","TL"
"2018-7","TL"
"2018-8","TL"
"2018-9","TL"
"2018-10","TL"
"2018-11","TL"
"2018-12","TL"
"2019-1","TL"
"2019-2","TL"
"2017-11","TZ"
"2017-12","TZ"
"2018-1","TZ"
"2018-2","TZ"
"2018-3","TZ"
"2018-4","TZ"
"2018-5","TZ"
"2018-6","TZ"
"2018-7","TZ"
"2018-8","TZ"
"2018-9","TZ"
"2018-10","TZ"
"2018-11","TZ"
"2018-12","TZ"
"2019-1","TZ"
"2019-2","TZ"
"2017-11","TJ"
"2017-12","TJ"
"2018-1","TJ"
"2018-2","TJ"
"2018-3","TJ"
"2018-4","TJ"
"2018-5","TJ"
"2018-6","TJ"
"2018-7","TJ"
"2018-8","TJ"
"2018-9","TJ"
"2018-10","TJ"
"2018-11","TJ"
"2018-12","TJ"
"2019-1","TJ"
"2019-2","TJ"
"2017-11","ST"
"2017-12","ST"
"2018-1","ST"
"2018-2","ST"
"2018-3","ST"
"2018-4","ST"
"2018-5","ST"
"2018-6","ST"
"2018-7","ST"
"2018-8","ST"
"2018-9","ST"
"2018-10","ST"
"2018-11","ST"
"2018-12","ST"
"2019-1","ST"
"2019-2","ST"
"2017-11","SZ"
"2017-12","SZ"
"2018-1","SZ"
"2018-2","SZ"
"2018-3","SZ"
"2018-4","SZ"
"2018-5","SZ"
"2018-6","SZ"
"2018-7","SZ"
"2018-8","SZ"
"2018-9","SZ"
"2018-10","SZ"
"2018-11","SZ"
"2018-12","SZ"
"2019-1","SZ"
"2019-2","SZ"
"2017-11","SJ"
"2017-12","SJ"
"2018-1","SJ"
"2018-2","SJ"
"2018-3","SJ"
"2018-4","SJ"
"2018-5","SJ"
"2018-6","SJ"
"2018-7","SJ"
"2018-8","SJ"
"2018-9","SJ"
"2018-10","SJ"
"2018-11","SJ"
"2018-12","SJ"
"2019-1","SJ"
"2019-2","SJ"
"2017-11","SR"
"2017-12","SR"
"2018-1","SR"
"2018-2","SR"
"2018-3","SR"
"2018-4","SR"
"2018-5","SR"
"2018-6","SR"
"2018-7","SR"
"2018-8","SR"
"2018-9","SR"
"2018-10","SR"
"2018-11","SR"
"2018-12","SR"
"2019-1","SR"
"2019-2","SR"
"2017-11","SD"
"2017-12","SD"
"2018-1","SD"
"2018-2","SD"
"2018-3","SD"
"2018-4","SD"
"2018-5","SD"
"2018-6","SD"
"2018-7","SD"
"2018-8","SD"
"2018-9","SD"
"2018-10","SD"
"2018-11","SD"
"2018-12","SD"
"2019-1","SD"
"2019-2","SD"
"2017-11","VC"
"2017-12","VC"
"2018-1","VC"
"2018-2","VC"
"2018-3","VC"
"2018-4","VC"
"2018-5","VC"
"2018-6","VC"
"2018-7","VC"
"2018-8","VC"
"2018-9","VC"
"2018-10","VC"
"2018-11","VC"
"2018-12","VC"
"2019-1","VC"
"2019-2","VC"
"2017-11","MF"
"2017-12","MF"
"2018-1","MF"
"2018-2","MF"
"2018-3","MF"
"2018-4","MF"
"2018-5","MF"
"2018-6","MF"
"2018-7","MF"
"2018-8","MF"
"2018-9","MF"
"2018-10","MF"
"2018-11","MF"
"2018-12","MF"
"2019-1","MF"
"2019-2","MF"
"2017-11","LC"
"2017-12","LC"
"2018-1","LC"
"2018-2","LC"
"2018-3","LC"
"2018-4","LC"
"2018-5","LC"
"2018-6","LC"
"2018-7","LC"
"2018-8","LC"
"2018-9","LC"
"2018-10","LC"
"2018-11","LC"
"2018-12","LC"
"2019-1","LC"
"2019-2","LC"
"2017-11","SH"
"2017-12","SH"
"2018-1","SH"
"2018-2","SH"
"2018-3","SH"
"2018-4","SH"
"2018-5","SH"
"2018-6","SH"
"2018-7","SH"
"2018-8","SH"
"2018-9","SH"
"2018-10","SH"
"2018-11","SH"
"2018-12","SH"
"2019-1","SH"
"2019-2","SH"
"2017-11","BL"
"2017-12","BL"
"2018-1","BL"
"2018-2","BL"
"2018-3","BL"
"2018-4","BL"
"2018-5","BL"
"2018-6","BL"
"2018-7","BL"
"2018-8","BL"
"2018-9","BL"
"2018-10","BL"
"2018-11","BL"
"2018-12","BL"
"2019-1","BL"
"2019-2","BL"
"2017-11","SS"
"2017-12","SS"
"2018-1","SS"
"2018-2","SS"
"2018-3","SS"
"2018-4","SS"
"2018-5","SS"
"2018-6","SS"
"2018-7","SS"
"2018-8","SS"
"2018-9","SS"
"2018-10","SS"
"2018-11","SS"
"2018-12","SS"
"2019-1","SS"
"2019-2","SS"
"2017-11","KR"
"2017-12","KR"
"2018-1","KR"
"2018-2","KR"
"2018-3","KR"
"2018-4","KR"
"2018-5","KR"
"2018-6","KR"
"2018-7","KR"
"2018-8","KR"
"2018-9","KR"
"2018-10","KR"
"2018-11","KR"
"2018-12","KR"
"2019-1","KR"
"2019-2","KR"
"2017-11","GS"
"2017-12","GS"
"2018-1","GS"
"2018-2","GS"
"2018-3","GS"
"2018-4","GS"
"2018-5","GS"
"2018-6","GS"
"2018-7","GS"
"2018-8","GS"
"2018-9","GS"
"2018-10","GS"
"2018-11","GS"
"2018-12","GS"
"2019-1","GS"
"2019-2","GS"
"2017-11","SI"
"2017-12","SI"
"2018-1","SI"
"2018-2","SI"
"2018-3","SI"
"2018-4","SI"
"2018-5","SI"
"2018-6","SI"
"2018-7","SI"
"2018-8","SI"
"2018-9","SI"
"2018-10","SI"
"2018-11","SI"
"2018-12","SI"
"2019-1","SI"
"2019-2","SI"
"2017-11","SK"
"2017-12","SK"
"2018-1","SK"
"2018-2","SK"
"2018-3","SK"
"2018-4","SK"
"2018-5","SK"
"2018-6","SK"
"2018-7","SK"
"2018-8","SK"
"2018-9","SK"
"2018-10","SK"
"2018-11","SK"
"2018-12","SK"
"2019-1","SK"
"2019-2","SK"
"2017-11","SX"
"2017-12","SX"
"2018-1","SX"
"2018-2","SX"
"2018-3","SX"
"2018-4","SX"
"2018-5","SX"
"2018-6","SX"
"2018-7","SX"
"2018-8","SX"
"2018-9","SX"
"2018-10","SX"
"2018-11","SX"
"2018-12","SX"
"2019-1","SX"
"2019-2","SX"
"2017-11","RS"
"2017-12","RS"
"2018-1","RS"
"2018-2","RS"
"2018-3","RS"
"2018-4","RS"
"2018-5","RS"
"2018-6","RS"
"2018-7","RS"
"2018-8","RS"
"2018-9","RS"
"2018-10","RS"
"2018-11","RS"
"2018-12","RS"
"2019-1","RS"
"2019-2","RS"
"2017-11","SN"
"2017-12","SN"
"2018-1","SN"
"2018-2","SN"
"2018-3","SN"
"2018-4","SN"
"2018-5","SN"
"2018-6","SN"
"2018-7","SN"
"2018-8","SN"
"2018-9","SN"
"2018-10","SN"
"2018-11","SN"
"2018-12","SN"
"2019-1","SN"
"2019-2","SN"
"2017-11","SM"
"2017-12","SM"
"2018-1","SM"
"2018-2","SM"
"2018-3","SM"
"2018-4","SM"
"2018-5","SM"
"2018-6","SM"
"2018-7","SM"
"2018-8","SM"
"2018-9","SM"
"2018-10","SM"
"2018-11","SM"
"2018-12","SM"
"2019-1","SM"
"2019-2","SM"
"2017-11","WS"
"2017-12","WS"
"2018-1","WS"
"2018-2","WS"
"2018-3","WS"
"2018-4","WS"
"2018-5","WS"
"2018-6","WS"
"2018-7","WS"
"2018-8","WS"
"2018-9","WS"
"2018-10","WS"
"2018-11","WS"
"2018-12","WS"
"2019-1","WS"
"2019-2","WS"
"2017-11","RW"
"2017-12","RW"
"2018-1","RW"
"2018-2","RW"
"2018-3","RW"
"2018-4","RW"
"2018-5","RW"
"2018-6","RW"
"2018-7","RW"
"2018-8","RW"
"2018-9","RW"
"2018-10","RW"
"2018-11","RW"
"2018-12","RW"
"2019-1","RW"
"2019-2","RW"
"2017-11","RU"
"2017-12","RU"
"2018-1","RU"
"2018-2","RU"
"2018-3","RU"
"2018-4","RU"
"2018-5","RU"
"2018-6","RU"
"2018-7","RU"
"2018-8","RU"
"2018-9","RU"
"2018-10","RU"
"2018-11","RU"
"2018-12","RU"
"2019-1","RU"
"2019-2","RU"
"2017-11","RO"
"2017-12","RO"
"2018-1","RO"
"2018-2","RO"
"2018-3","RO"
"2018-4","RO"
"2018-5","RO"
"2018-6","RO"
"2018-7","RO"
"2018-8","RO"
"2018-9","RO"
"2018-10","RO"
"2018-11","RO"
"2018-12","RO"
"2019-1","RO"
"2019-2","RO"
"2017-11","QA"
"2017-12","QA"
"2018-1","QA"
"2018-2","QA"
"2018-3","QA"
"2018-4","QA"
"2018-5","QA"
"2018-6","QA"
"2018-7","QA"
"2018-8","QA"
"2018-9","QA"
"2018-10","QA"
"2018-11","QA"
"2018-12","QA"
"2019-1","QA"
"2019-2","QA"
"2017-11","PR"
"2017-12","PR"
"2018-1","PR"
"2018-2","PR"
"2018-3","PR"
"2018-4","PR"
"2018-5","PR"
"2018-6","PR"
"2018-7","PR"
"2018-8","PR"
"2018-9","PR"
"2018-10","PR"
"2018-11","PR"
"2018-12","PR"
"2019-1","PR"
"2019-2","PR"
"2017-11","PT"
"2017-12","PT"
"2018-1","PT"
"2018-2","PT"
"2018-3","PT"
"2018-4","PT"
"2018-5","PT"
"2018-6","PT"
"2018-7","PT"
"2018-8","PT"
"2018-9","PT"
"2018-10","PT"
"2018-11","PT"
"2018-12","PT"
"2019-1","PT"
"2019-2","PT"
"2017-11","PL"
"2017-12","PL"
"2018-1","PL"
"2018-2","PL"
"2018-3","PL"
"2018-4","PL"
"2018-5","PL"
"2018-6","PL"
"2018-7","PL"
"2018-8","PL"
"2018-9","PL"
"2018-10","PL"
"2018-11","PL"
"2018-12","PL"
"2019-1","PL"
"2019-2","PL"
"2017-11","PY"
"2017-12","PY"
"2018-1","PY"
"2018-2","PY"
"2018-3","PY"
"2018-4","PY"
"2018-5","PY"
"2018-6","PY"
"2018-7","PY"
"2018-8","PY"
"2018-9","PY"
"2018-10","PY"
"2018-11","PY"
"2018-12","PY"
"2019-1","PY"
"2019-2","PY"
"2017-11","PG"
"2017-12","PG"
"2018-1","PG"
"2018-2","PG"
"2018-3","PG"
"2018-4","PG"
"2018-5","PG"
"2018-6","PG"
"2018-7","PG"
"2018-8","PG"
"2018-9","PG"
"2018-10","PG"
"2018-11","PG"
"2018-12","PG"
"2019-1","PG"
"2019-2","PG"
"2017-11","PS"
"2017-12","PS"
"2018-1","PS"
"2018-2","PS"
"2018-3","PS"
"2018-4","PS"
"2018-5","PS"
"2018-6","PS"
"2018-7","PS"
"2018-8","PS"
"2018-9","PS"
"2018-10","PS"
"2018-11","PS"
"2018-12","PS"
"2019-1","PS"
"2019-2","PS"
"2017-11","PW"
"2017-12","PW"
"2018-1","PW"
"2018-2","PW"
"2018-3","PW"
"2018-4","PW"
"2018-5","PW"
"2018-6","PW"
"2018-7","PW"
"2018-8","PW"
"2018-9","PW"
"2018-10","PW"
"2018-11","PW"
"2018-12","PW"
"2019-1","PW"
"2019-2","PW"
"2017-11","OM"
"2017-12","OM"
"2018-1","OM"
"2018-2","OM"
"2018-3","OM"
"2018-4","OM"
"2018-5","OM"
"2018-6","OM"
"2018-7","OM"
"2018-8","OM"
"2018-9","OM"
"2018-10","OM"
"2018-11","OM"
"2018-12","OM"
"2019-1","OM"
"2019-2","OM"
"2017-11","NO"
"2017-12","NO"
"2018-1","NO"
"2018-2","NO"
"2018-3","NO"
"2018-4","NO"
"2018-5","NO"
"2018-6","NO"
"2018-7","NO"
"2018-8","NO"
"2018-9","NO"
"2018-10","NO"
"2018-11","NO"
"2018-12","NO"
"2019-1","NO"
"2019-2","NO"
"2017-11","MP"
"2017-12","MP"
"2018-1","MP"
"2018-2","MP"
"2018-3","MP"
"2018-4","MP"
"2018-5","MP"
"2018-6","MP"
"2018-7","MP"
"2018-8","MP"
"2018-9","MP"
"2018-10","MP"
"2018-11","MP"
"2018-12","MP"
"2019-1","MP"
"2019-2","MP"
"2017-11","NF"
"2017-12","NF"
"2018-1","NF"
"2018-2","NF"
"2018-3","NF"
"2018-4","NF"
"2018-5","NF"
"2018-6","NF"
"2018-7","NF"
"2018-8","NF"
"2018-9","NF"
"2018-10","NF"
"2018-11","NF"
"2018-12","NF"
"2019-1","NF"
"2019-2","NF"
"2017-11","NI"
"2017-12","NI"
"2018-1","NI"
"2018-2","NI"
"2018-3","NI"
"2018-4","NI"
"2018-5","NI"
"2018-6","NI"
"2018-7","NI"
"2018-8","NI"
"2018-9","NI"
"2018-10","NI"
"2018-11","NI"
"2018-12","NI"
"2019-1","NI"
"2019-2","NI"
"2017-11","NZ"
"2017-12","NZ"
"2018-1","NZ"
"2018-2","NZ"
"2018-3","NZ"
"2018-4","NZ"
"2018-5","NZ"
"2018-6","NZ"
"2018-7","NZ"
"2018-8","NZ"
"2018-9","NZ"
"2018-10","NZ"
"2018-11","NZ"
"2018-12","NZ"
"2019-1","NZ"
"2019-2","NZ"
"2017-11","NP"
"2017-12","NP"
"2018-1","NP"
"2018-2","NP"
"2018-3","NP"
"2018-4","NP"
"2018-5","NP"
"2018-6","NP"
"2018-7","NP"
"2018-8","NP"
"2018-9","NP"
"2018-10","NP"
"2018-11","NP"
"2018-12","NP"
"2019-1","NP"
"2019-2","NP"
"2017-11","NR"
"2017-12","NR"
"2018-1","NR"
"2018-2","NR"
"2018-3","NR"
"2018-4","NR"
"2018-5","NR"
"2018-6","NR"
"2018-7","NR"
"2018-8","NR"
"2018-9","NR"
"2018-10","NR"
"2018-11","NR"
"2018-12","NR"
"2019-1","NR"
"2019-2","NR"
"2017-11","MM"
"2017-12","MM"
"2018-1","MM"
"2018-2","MM"
"2018-3","MM"
"2018-4","MM"
"2018-5","MM"
"2018-6","MM"
"2018-7","MM"
"2018-8","MM"
"2018-9","MM"
"2018-10","MM"
"2018-11","MM"
"2018-12","MM"
"2019-1","MM"
"2019-2","MM"
"2017-11","MA"
"2017-12","MA"
"2018-1","MA"
"2018-2","MA"
"2018-3","MA"
"2018-4","MA"
"2018-5","MA"
"2018-6","MA"
"2018-7","MA"
"2018-8","MA"
"2018-9","MA"
"2018-10","MA"
"2018-11","MA"
"2018-12","MA"
"2019-1","MA"
"2019-2","MA"
"2017-11","MS"
"2017-12","MS"
"2018-1","MS"
"2018-2","MS"
"2018-3","MS"
"2018-4","MS"
"2018-5","MS"
"2018-6","MS"
"2018-7","MS"
"2018-8","MS"
"2018-9","MS"
"2018-10","MS"
"2018-11","MS"
"2018-12","MS"
"2019-1","MS"
"2019-2","MS"
"2017-11","ME"
"2017-12","ME"
"2018-1","ME"
"2018-2","ME"
"2018-3","ME"
"2018-4","ME"
"2018-5","ME"
"2018-6","ME"
"2018-7","ME"
"2018-8","ME"
"2018-9","ME"
"2018-10","ME"
"2018-11","ME"
"2018-12","ME"
"2019-1","ME"
"2019-2","ME"
"2017-11","MN"
"2017-12","MN"
"2018-1","MN"
"2018-2","MN"
"2018-3","MN"
"2018-4","MN"
"2018-5","MN"
"2018-6","MN"
"2018-7","MN"
"2018-8","MN"
"2018-9","MN"
"2018-10","MN"
"2018-11","MN"
"2018-12","MN"
"2019-1","MN"
"2019-2","MN"
"2017-11","FM"
"2017-12","FM"
"2018-1","FM"
"2018-2","FM"
"2018-3","FM"
"2018-4","FM"
"2018-5","FM"
"2018-6","FM"
"2018-7","FM"
"2018-8","FM"
"2018-9","FM"
"2018-10","FM"
"2018-11","FM"
"2018-12","FM"
"2019-1","FM"
"2019-2","FM"
"2017-11","MX"
"2017-12","MX"
"2018-1","MX"
"2018-2","MX"
"2018-3","MX"
"2018-4","MX"
"2018-5","MX"
"2018-6","MX"
"2018-7","MX"
"2018-8","MX"
"2018-9","MX"
"2018-10","MX"
"2018-11","MX"
"2018-12","MX"
"2019-1","MX"
"2019-2","MX"
"2017-11","YT"
"2017-12","YT"
"2018-1","YT"
"2018-2","YT"
"2018-3","YT"
"2018-4","YT"
"2018-5","YT"
"2018-6","YT"
"2018-7","YT"
"2018-8","YT"
"2018-9","YT"
"2018-10","YT"
"2018-11","YT"
"2018-12","YT"
"2019-1","YT"
"2019-2","YT"
"2017-11","MU"
"2017-12","MU"
"2018-1","MU"
"2018-2","MU"
"2018-3","MU"
"2018-4","MU"
"2018-5","MU"
"2018-6","MU"
"2018-7","MU"
"2018-8","MU"
"2018-9","MU"
"2018-10","MU"
"2018-11","MU"
"2018-12","MU"
"2019-1","MU"
"2019-2","MU"
"2017-11","MH"
"2017-12","MH"
"2018-1","MH"
"2018-2","MH"
"2018-3","MH"
"2018-4","MH"
"2018-5","MH"
"2018-6","MH"
"2018-7","MH"
"2018-8","MH"
"2018-9","MH"
"2018-10","MH"
"2018-11","MH"
"2018-12","MH"
"2019-1","MH"
"2019-2","MH"
"2017-11","MT"
"2017-12","MT"
"2018-1","MT"
"2018-2","MT"
"2018-3","MT"
"2018-4","MT"
"2018-5","MT"
"2018-6","MT"
"2018-7","MT"
"2018-8","MT"
"2018-9","MT"
"2018-10","MT"
"2018-11","MT"
"2018-12","MT"
"2019-1","MT"
"2019-2","MT"
"2017-11","ML"
"2017-12","ML"
"2018-1","ML"
"2018-2","ML"
"2018-3","ML"
"2018-4","ML"
"2018-5","ML"
"2018-6","ML"
"2018-7","ML"
"2018-8","ML"
"2018-9","ML"
"2018-10","ML"
"2018-11","ML"
"2018-12","ML"
"2019-1","ML"
"2019-2","ML"
"2017-11","MO"
"2017-12","MO"
"2018-1","MO"
"2018-2","MO"
"2018-3","MO"
"2018-4","MO"
"2018-5","MO"
"2018-6","MO"
"2018-7","MO"
"2018-8","MO"
"2018-9","MO"
"2018-10","MO"
"2018-11","MO"
"2018-12","MO"
"2019-1","MO"
"2019-2","MO"
"2017-11","LU"
"2017-12","LU"
"2018-1","LU"
"2018-2","LU"
"2018-3","LU"
"2018-4","LU"
"2018-5","LU"
"2018-6","LU"
"2018-7","LU"
"2018-8","LU"
"2018-9","LU"
"2018-10","LU"
"2018-11","LU"
"2018-12","LU"
"2019-1","LU"
"2019-2","LU"
"2017-11","TC"
"2017-12","TC"
"2018-1","TC"
"2018-2","TC"
"2018-3","TC"
"2018-4","TC"
"2018-5","TC"
"2018-6","TC"
"2018-7","TC"
"2018-8","TC"
"2018-9","TC"
"2018-10","TC"
"2018-11","TC"
"2018-12","TC"
"2019-1","TC"
"2019-2","TC"
"2017-11","LI"
"2017-12","LI"
"2018-1","LI"
"2018-2","LI"
"2018-3","LI"
"2018-4","LI"
"2018-5","LI"
"2018-6","LI"
"2018-7","LI"
"2018-8","LI"
"2018-9","LI"
"2018-10","LI"
"2018-11","LI"
"2018-12","LI"
"2019-1","LI"
"2019-2","LI"
"2017-11","LR"
"2017-12","LR"
"2018-1","LR"
"2018-2","LR"
"2018-3","LR"
"2018-4","LR"
"2018-5","LR"
"2018-6","LR"
"2018-7","LR"
"2018-8","LR"
"2018-9","LR"
"2018-10","LR"
"2018-11","LR"
"2018-12","LR"
"2019-1","LR"
"2019-2","LR"
"2017-11","LV"
"2017-12","LV"
"2018-1","LV"
"2018-2","LV"
"2018-3","LV"
"2018-4","LV"
"2018-5","LV"
"2018-6","LV"
"2018-7","LV"
"2018-8","LV"
"2018-9","LV"
"2018-10","LV"
"2018-11","LV"
"2018-12","LV"
"2019-1","LV"
"2019-2","LV"
"2017-11","KW"
"2017-12","KW"
"2018-1","KW"
"2018-2","KW"
"2018-3","KW"
"2018-4","KW"
"2018-5","KW"
"2018-6","KW"
"2018-7","KW"
"2018-8","KW"
"2018-9","KW"
"2018-10","KW"
"2018-11","KW"
"2018-12","KW"
"2019-1","KW"
"2019-2","KW"
"2017-11","XK"
"2017-12","XK"
"2018-1","XK"
"2018-2","XK"
"2018-3","XK"
"2018-4","XK"
"2018-5","XK"
"2018-6","XK"
"2018-7","XK"
"2018-8","XK"
"2018-9","XK"
"2018-10","XK"
"2018-11","XK"
"2018-12","XK"
"2019-1","XK"
"2019-2","XK"
"2017-11","KI"
"2017-12","KI"
"2018-1","KI"
"2018-2","KI"
"2018-3","KI"
"2018-4","KI"
"2018-5","KI"
"2018-6","KI"
"2018-7","KI"
"2018-8","KI"
"2018-9","KI"
"2018-10","KI"
"2018-11","KI"
"2018-12","KI"
"2019-1","KI"
"2019-2","KI"
"2017-11","KZ"
"2017-12","KZ"
"2018-1","KZ"
"2018-2","KZ"
"2018-3","KZ"
"2018-4","KZ"
"2018-5","KZ"
"2018-6","KZ"
"2018-7","KZ"
"2018-8","KZ"
"2018-9","KZ"
"2018-10","KZ"
"2018-11","KZ"
"2018-12","KZ"
"2019-1","KZ"
"2019-2","KZ"
"2017-11","JE"
"2017-12","JE"
"2018-1","JE"
"2018-2","JE"
"2018-3","JE"
"2018-4","JE"
"2018-5","JE"
"2018-6","JE"
"2018-7","JE"
"2018-8","JE"
"2018-9","JE"
"2018-10","JE"
"2018-11","JE"
"2018-12","JE"
"2019-1","JE"
"2019-2","JE"
"2017-11","JP"
"2017-12","JP"
"2018-1","JP"
"2018-2","JP"
"2018-3","JP"
"2018-4","JP"
"2018-5","JP"
"2018-6","JP"
"2018-7","JP"
"2018-8","JP"
"2018-9","JP"
"2018-10","JP"
"2018-11","JP"
"2018-12","JP"
"2019-1","JP"
"2019-2","JP"
"2017-11","IM"
"2017-12","IM"
"2018-1","IM"
"2018-2","IM"
"2018-3","IM"
"2018-4","IM"
"2018-5","IM"
"2018-6","IM"
"2018-7","IM"
"2018-8","IM"
"2018-9","IM"
"2018-10","IM"
"2018-11","IM"
"2018-12","IM"
"2019-1","IM"
"2019-2","IM"
"2017-11","IR"
"2017-12","IR"
"2018-1","IR"
"2018-2","IR"
"2018-3","IR"
"2018-4","IR"
"2018-5","IR"
"2018-6","IR"
"2018-7","IR"
"2018-8","IR"
"2018-9","IR"
"2018-10","IR"
"2018-11","IR"
"2018-12","IR"
"2019-1","IR"
"2019-2","IR"
"2017-11","IN"
"2017-12","IN"
"2018-1","IN"
"2018-2","IN"
"2018-3","IN"
"2018-4","IN"
"2018-5","IN"
"2018-6","IN"
"2018-7","IN"
"2018-8","IN"
"2018-9","IN"
"2018-10","IN"
"2018-11","IN"
"2018-12","IN"
"2019-1","IN"
"2019-2","IN"
"2017-11","LT"
"2017-12","LT"
"2018-1","LT"
"2018-2","LT"
"2018-3","LT"
"2018-4","LT"
"2018-5","LT"
"2018-6","LT"
"2018-7","LT"
"2018-8","LT"
"2018-9","LT"
"2018-10","LT"
"2018-11","LT"
"2018-12","LT"
"2019-1","LT"
"2019-2","LT"
"2017-11","HU"
"2017-12","HU"
"2018-1","HU"
"2018-2","HU"
"2018-3","HU"
"2018-4","HU"
"2018-5","HU"
"2018-6","HU"
"2018-7","HU"
"2018-8","HU"
"2018-9","HU"
"2018-10","HU"
"2018-11","HU"
"2018-12","HU"
"2019-1","HU"
"2019-2","HU"
"2017-11","HN"
"2017-12","HN"
"2018-1","HN"
"2018-2","HN"
"2018-3","HN"
"2018-4","HN"
"2018-5","HN"
"2018-6","HN"
"2018-7","HN"
"2018-8","HN"
"2018-9","HN"
"2018-10","HN"
"2018-11","HN"
"2018-12","HN"
"2019-1","HN"
"2019-2","HN"
"2017-11","GY"
"2017-12","GY"
"2018-1","GY"
"2018-2","GY"
"2018-3","GY"
"2018-4","GY"
"2018-5","GY"
"2018-6","GY"
"2018-7","GY"
"2018-8","GY"
"2018-9","GY"
"2018-10","GY"
"2018-11","GY"
"2018-12","GY"
"2019-1","GY"
"2019-2","GY"
"2017-11","GW"
"2017-12","GW"
"2018-1","GW"
"2018-2","GW"
"2018-3","GW"
"2018-4","GW"
"2018-5","GW"
"2018-6","GW"
"2018-7","GW"
"2018-8","GW"
"2018-9","GW"
"2018-10","GW"
"2018-11","GW"
"2018-12","GW"
"2019-1","GW"
"2019-2","GW"
"2017-11","GG"
"2017-12","GG"
"2018-1","GG"
"2018-2","GG"
"2018-3","GG"
"2018-4","GG"
"2018-5","GG"
"2018-6","GG"
"2018-7","GG"
"2018-8","GG"
"2018-9","GG"
"2018-10","GG"
"2018-11","GG"
"2018-12","GG"
"2019-1","GG"
"2019-2","GG"
"2017-11","GP"
"2017-12","GP"
"2018-1","GP"
"2018-2","GP"
"2018-3","GP"
"2018-4","GP"
"2018-5","GP"
"2018-6","GP"
"2018-7","GP"
"2018-8","GP"
"2018-9","GP"
"2018-10","GP"
"2018-11","GP"
"2018-12","GP"
"2019-1","GP"
"2019-2","GP"
"2017-11","GR"
"2017-12","GR"
"2018-1","GR"
"2018-2","GR"
"2018-3","GR"
"2018-4","GR"
"2018-5","GR"
"2018-6","GR"
"2018-7","GR"
"2018-8","GR"
"2018-9","GR"
"2018-10","GR"
"2018-11","GR"
"2018-12","GR"
"2019-1","GR"
"2019-2","GR"
"2017-11","GI"
"2017-12","GI"
"2018-1","GI"
"2018-2","GI"
"2018-3","GI"
"2018-4","GI"
"2018-5","GI"
"2018-6","GI"
"2018-7","GI"
"2018-8","GI"
"2018-9","GI"
"2018-10","GI"
"2018-11","GI"
"2018-12","GI"
"2019-1","GI"
"2019-2","GI"
"2017-11","DE"
"2017-12","DE"
"2018-1","DE"
"2018-2","DE"
"2018-3","DE"
"2018-4","DE"
"2018-5","DE"
"2018-6","DE"
"2018-7","DE"
"2018-8","DE"
"2018-9","DE"
"2018-10","DE"
"2018-11","DE"
"2018-12","DE"
"2019-1","DE"
"2019-2","DE"
"2017-11","GA"
"2017-12","GA"
"2018-1","GA"
"2018-2","GA"
"2018-3","GA"
"2018-4","GA"
"2018-5","GA"
"2018-6","GA"
"2018-7","GA"
"2018-8","GA"
"2018-9","GA"
"2018-10","GA"
"2018-11","GA"
"2018-12","GA"
"2019-1","GA"
"2019-2","GA"
"2017-11","TF"
"2017-12","TF"
"2018-1","TF"
"2018-2","TF"
"2018-3","TF"
"2018-4","TF"
"2018-5","TF"
"2018-6","TF"
"2018-7","TF"
"2018-8","TF"
"2018-9","TF"
"2018-10","TF"
"2018-11","TF"
"2018-12","TF"
"2019-1","TF"
"2019-2","TF"
"2017-11","GF"
"2017-12","GF"
"2018-1","GF"
"2018-2","GF"
"2018-3","GF"
"2018-4","GF"
"2018-5","GF"
"2018-6","GF"
"2018-7","GF"
"2018-8","GF"
"2018-9","GF"
"2018-10","GF"
"2018-11","GF"
"2018-12","GF"
"2019-1","GF"
"2019-2","GF"
"2017-11","FR"
"2017-12","FR"
"2018-1","FR"
"2018-2","FR"
"2018-3","FR"
"2018-4","FR"
"2018-5","FR"
"2018-6","FR"
"2018-7","FR"
"2018-8","FR"
"2018-9","FR"
"2018-10","FR"
"2018-11","FR"
"2018-12","FR"
"2019-1","FR"
"2019-2","FR"
"2017-11","FI"
"2017-12","FI"
"2018-1","FI"
"2018-2","FI"
"2018-3","FI"
"2018-4","FI"
"2018-5","FI"
"2018-6","FI"
"2018-7","FI"
"2018-8","FI"
"2018-9","FI"
"2018-10","FI"
"2018-11","FI"
"2018-12","FI"
"2019-1","FI"
"2019-2","FI"
"2017-11","FJ"
"2017-12","FJ"
"2018-1","FJ"
"2018-2","FJ"
"2018-3","FJ"
"2018-4","FJ"
"2018-5","FJ"
"2018-6","FJ"
"2018-7","FJ"
"2018-8","FJ"
"2018-9","FJ"
"2018-10","FJ"
"2018-11","FJ"
"2018-12","FJ"
"2019-1","FJ"
"2019-2","FJ"
"2017-11","PK"
"2017-12","PK"
"2018-1","PK"
"2018-2","PK"
"2018-3","PK"
"2018-4","PK"
"2018-5","PK"
"2018-6","PK"
"2018-7","PK"
"2018-8","PK"
"2018-9","PK"
"2018-10","PK"
"2018-11","PK"
"2018-12","PK"
"2019-1","PK"
"2019-2","PK"
"2017-11","FO"
"2017-12","FO"
"2018-1","FO"
"2018-2","FO"
"2018-3","FO"
"2018-4","FO"
"2018-5","FO"
"2018-6","FO"
"2018-7","FO"
"2018-8","FO"
"2018-9","FO"
"2018-10","FO"
"2018-11","FO"
"2018-12","FO"
"2019-1","FO"
"2019-2","FO"
"2017-11","ET"
"2017-12","ET"
"2018-1","ET"
"2018-2","ET"
"2018-3","ET"
"2018-4","ET"
"2018-5","ET"
"2018-6","ET"
"2018-7","ET"
"2018-8","ET"
"2018-9","ET"
"2018-10","ET"
"2018-11","ET"
"2018-12","ET"
"2019-1","ET"
"2019-2","ET"
"2017-11","EE"
"2017-12","EE"
"2018-1","EE"
"2018-2","EE"
"2018-3","EE"
"2018-4","EE"
"2018-5","EE"
"2018-6","EE"
"2018-7","EE"
"2018-8","EE"
"2018-9","EE"
"2018-10","EE"
"2018-11","EE"
"2018-12","EE"
"2019-1","EE"
"2019-2","EE"
"2017-11","GQ"
"2017-12","GQ"
"2018-1","GQ"
"2018-2","GQ"
"2018-3","GQ"
"2018-4","GQ"
"2018-5","GQ"
"2018-6","GQ"
"2018-7","GQ"
"2018-8","GQ"
"2018-9","GQ"
"2018-10","GQ"
"2018-11","GQ"
"2018-12","GQ"
"2019-1","GQ"
"2019-2","GQ"
"2017-11","EG"
"2017-12","EG"
"2018-1","EG"
"2018-2","EG"
"2018-3","EG"
"2018-4","EG"
"2018-5","EG"
"2018-6","EG"
"2018-7","EG"
"2018-8","EG"
"2018-9","EG"
"2018-10","EG"
"2018-11","EG"
"2018-12","EG"
"2019-1","EG"
"2019-2","EG"
"2017-11","EC"
"2017-12","EC"
"2018-1","EC"
"2018-2","EC"
"2018-3","EC"
"2018-4","EC"
"2018-5","EC"
"2018-6","EC"
"2018-7","EC"
"2018-8","EC"
"2018-9","EC"
"2018-10","EC"
"2018-11","EC"
"2018-12","EC"
"2019-1","EC"
"2019-2","EC"
"2017-11","DO"
"2017-12","DO"
"2018-1","DO"
"2018-2","DO"
"2018-3","DO"
"2018-4","DO"
"2018-5","DO"
"2018-6","DO"
"2018-7","DO"
"2018-8","DO"
"2018-9","DO"
"2018-10","DO"
"2018-11","DO"
"2018-12","DO"
"2019-1","DO"
"2019-2","DO"
"2017-11","DM"
"2017-12","DM"
"2018-1","DM"
"2018-2","DM"
"2018-3","DM"
"2018-4","DM"
"2018-5","DM"
"2018-6","DM"
"2018-7","DM"
"2018-8","DM"
"2018-9","DM"
"2018-10","DM"
"2018-11","DM"
"2018-12","DM"
"2019-1","DM"
"2019-2","DM"
"2017-11","TH"
"2017-12","TH"
"2018-1","TH"
"2018-2","TH"
"2018-3","TH"
"2018-4","TH"
"2018-5","TH"
"2018-6","TH"
"2018-7","TH"
"2018-8","TH"
"2018-9","TH"
"2018-10","TH"
"2018-11","TH"
"2018-12","TH"
"2019-1","TH"
"2019-2","TH"
"2017-11","DJ"
"2017-12","DJ"
"2018-1","DJ"
"2018-2","DJ"
"2018-3","DJ"
"2018-4","DJ"
"2018-5","DJ"
"2018-6","DJ"
"2018-7","DJ"
"2018-8","DJ"
"2018-9","DJ"
"2018-10","DJ"
"2018-11","DJ"
"2018-12","DJ"
"2019-1","DJ"
"2019-2","DJ"
"2017-11","VI"
"2017-12","VI"
"2018-1","VI"
"2018-2","VI"
"2018-3","VI"
"2018-4","VI"
"2018-5","VI"
"2018-6","VI"
"2018-7","VI"
"2018-8","VI"
"2018-9","VI"
"2018-10","VI"
"2018-11","VI"
"2018-12","VI"
"2019-1","VI"
"2019-2","VI"
"2017-11","DK"
"2017-12","DK"
"2018-1","DK"
"2018-2","DK"
"2018-3","DK"
"2018-4","DK"
"2018-5","DK"
"2018-6","DK"
"2018-7","DK"
"2018-8","DK"
"2018-9","DK"
"2018-10","DK"
"2018-11","DK"
"2018-12","DK"
"2019-1","DK"
"2019-2","DK"
"2017-11","CY"
"2017-12","CY"
"2018-1","CY"
"2018-2","CY"
"2018-3","CY"
"2018-4","CY"
"2018-5","CY"
"2018-6","CY"
"2018-7","CY"
"2018-8","CY"
"2018-9","CY"
"2018-10","CY"
"2018-11","CY"
"2018-12","CY"
"2019-1","CY"
"2019-2","CY"
"2017-11","CW"
"2017-12","CW"
"2018-1","CW"
"2018-2","CW"
"2018-3","CW"
"2018-4","CW"
"2018-5","CW"
"2018-6","CW"
"2018-7","CW"
"2018-8","CW"
"2018-9","CW"
"2018-10","CW"
"2018-11","CW"
"2018-12","CW"
"2019-1","CW"
"2019-2","CW"
"2017-11","HR"
"2017-12","HR"
"2018-1","HR"
"2018-2","HR"
"2018-3","HR"
"2018-4","HR"
"2018-5","HR"
"2018-6","HR"
"2018-7","HR"
"2018-8","HR"
"2018-9","HR"
"2018-10","HR"
"2018-11","HR"
"2018-12","HR"
"2019-1","HR"
"2019-2","HR"
"2017-11","CK"
"2017-12","CK"
"2018-1","CK"
"2018-2","CK"
"2018-3","CK"
"2018-4","CK"
"2018-5","CK"
"2018-6","CK"
"2018-7","CK"
"2018-8","CK"
"2018-9","CK"
"2018-10","CK"
"2018-11","CK"
"2018-12","CK"
"2019-1","CK"
"2019-2","CK"
"2017-11","CD"
"2017-12","CD"
"2018-1","CD"
"2018-2","CD"
"2018-3","CD"
"2018-4","CD"
"2018-5","CD"
"2018-6","CD"
"2018-7","CD"
"2018-8","CD"
"2018-9","CD"
"2018-10","CD"
"2018-11","CD"
"2018-12","CD"
"2019-1","CD"
"2019-2","CD"
"2017-11","CG"
"2017-12","CG"
"2018-1","CG"
"2018-2","CG"
"2018-3","CG"
"2018-4","CG"
"2018-5","CG"
"2018-6","CG"
"2018-7","CG"
"2018-8","CG"
"2018-9","CG"
"2018-10","CG"
"2018-11","CG"
"2018-12","CG"
"2019-1","CG"
"2019-2","CG"
"2017-11","KM"
"2017-12","KM"
"2018-1","KM"
"2018-2","KM"
"2018-3","KM"
"2018-4","KM"
"2018-5","KM"
"2018-6","KM"
"2018-7","KM"
"2018-8","KM"
"2018-9","KM"
"2018-10","KM"
"2018-11","KM"
"2018-12","KM"
"2019-1","KM"
"2019-2","KM"
"2017-11","CC"
"2017-12","CC"
"2018-1","CC"
"2018-2","CC"
"2018-3","CC"
"2018-4","CC"
"2018-5","CC"
"2018-6","CC"
"2018-7","CC"
"2018-8","CC"
"2018-9","CC"
"2018-10","CC"
"2018-11","CC"
"2018-12","CC"
"2019-1","CC"
"2019-2","CC"
"2017-11","CX"
"2017-12","CX"
"2018-1","CX"
"2018-2","CX"
"2018-3","CX"
"2018-4","CX"
"2018-5","CX"
"2018-6","CX"
"2018-7","CX"
"2018-8","CX"
"2018-9","CX"
"2018-10","CX"
"2018-11","CX"
"2018-12","CX"
"2019-1","CX"
"2019-2","CX"
"2017-11","CN"
"2017-12","CN"
"2018-1","CN"
"2018-2","CN"
"2018-3","CN"
"2018-4","CN"
"2018-5","CN"
"2018-6","CN"
"2018-7","CN"
"2018-8","CN"
"2018-9","CN"
"2018-10","CN"
"2018-11","CN"
"2018-12","CN"
"2019-1","CN"
"2019-2","CN"
"2017-11","CL"
"2017-12","CL"
"2018-1","CL"
"2018-2","CL"
"2018-3","CL"
"2018-4","CL"
"2018-5","CL"
"2018-6","CL"
"2018-7","CL"
"2018-8","CL"
"2018-9","CL"
"2018-10","CL"
"2018-11","CL"
"2018-12","CL"
"2019-1","CL"
"2019-2","CL"
"2017-11","CF"
"2017-12","CF"
"2018-1","CF"
"2018-2","CF"
"2018-3","CF"
"2018-4","CF"
"2018-5","CF"
"2018-6","CF"
"2018-7","CF"
"2018-8","CF"
"2018-9","CF"
"2018-10","CF"
"2018-11","CF"
"2018-12","CF"
"2019-1","CF"
"2019-2","CF"
"2017-11","CV"
"2017-12","CV"
"2018-1","CV"
"2018-2","CV"
"2018-3","CV"
"2018-4","CV"
"2018-5","CV"
"2018-6","CV"
"2018-7","CV"
"2018-8","CV"
"2018-9","CV"
"2018-10","CV"
"2018-11","CV"
"2018-12","CV"
"2019-1","CV"
"2019-2","CV"
"2017-11","CA"
"2017-12","CA"
"2018-1","CA"
"2018-2","CA"
"2018-3","CA"
"2018-4","CA"
"2018-5","CA"
"2018-6","CA"
"2018-7","CA"
"2018-8","CA"
"2018-9","CA"
"2018-10","CA"
"2018-11","CA"
"2018-12","CA"
"2019-1","CA"
"2019-2","CA"
"2017-11","BF"
"2017-12","BF"
"2018-1","BF"
"2018-2","BF"
"2018-3","BF"
"2018-4","BF"
"2018-5","BF"
"2018-6","BF"
"2018-7","BF"
"2018-8","BF"
"2018-9","BF"
"2018-10","BF"
"2018-11","BF"
"2018-12","BF"
"2019-1","BF"
"2019-2","BF"
"2017-11","BG"
"2017-12","BG"
"2018-1","BG"
"2018-2","BG"
"2018-3","BG"
"2018-4","BG"
"2018-5","BG"
"2018-6","BG"
"2018-7","BG"
"2018-8","BG"
"2018-9","BG"
"2018-10","BG"
"2018-11","BG"
"2018-12","BG"
"2019-1","BG"
"2019-2","BG"
"2017-11","BN"
"2017-12","BN"
"2018-1","BN"
"2018-2","BN"
"2018-3","BN"
"2018-4","BN"
"2018-5","BN"
"2018-6","BN"
"2018-7","BN"
"2018-8","BN"
"2018-9","BN"
"2018-10","BN"
"2018-11","BN"
"2018-12","BN"
"2019-1","BN"
"2019-2","BN"
"2017-11","IO"
"2017-12","IO"
"2018-1","IO"
"2018-2","IO"
"2018-3","IO"
"2018-4","IO"
"2018-5","IO"
"2018-6","IO"
"2018-7","IO"
"2018-8","IO"
"2018-9","IO"
"2018-10","IO"
"2018-11","IO"
"2018-12","IO"
"2019-1","IO"
"2019-2","IO"
"2017-11","BR"
"2017-12","BR"
"2018-1","BR"
"2018-2","BR"
"2018-3","BR"
"2018-4","BR"
"2018-5","BR"
"2018-6","BR"
"2018-7","BR"
"2018-8","BR"
"2018-9","BR"
"2018-10","BR"
"2018-11","BR"
"2018-12","BR"
"2019-1","BR"
"2019-2","BR"
"2017-11","BV"
"2017-12","BV"
"2018-1","BV"
"2018-2","BV"
"2018-3","BV"
"2018-4","BV"
"2018-5","BV"
"2018-6","BV"
"2018-7","BV"
"2018-8","BV"
"2018-9","BV"
"2018-10","BV"
"2018-11","BV"
"2018-12","BV"
"2019-1","BV"
"2019-2","BV"
"2017-11","BW"
"2017-12","BW"
"2018-1","BW"
"2018-2","BW"
"2018-3","BW"
"2018-4","BW"
"2018-5","BW"
"2018-6","BW"
"2018-7","BW"
"2018-8","BW"
"2018-9","BW"
"2018-10","BW"
"2018-11","BW"
"2018-12","BW"
"2019-1","BW"
"2019-2","BW"
"2017-11","BA"
"2017-12","BA"
"2018-1","BA"
"2018-2","BA"
"2018-3","BA"
"2018-4","BA"
"2018-5","BA"
"2018-6","BA"
"2018-7","BA"
"2018-8","BA"
"2018-9","BA"
"2018-10","BA"
"2018-11","BA"
"2018-12","BA"
"2019-1","BA"
"2019-2","BA"
"2017-11","BT"
"2017-12","BT"
"2018-1","BT"
"2018-2","BT"
"2018-3","BT"
"2018-4","BT"
"2018-5","BT"
"2018-6","BT"
"2018-7","BT"
"2018-8","BT"
"2018-9","BT"
"2018-10","BT"
"2018-11","BT"
"2018-12","BT"
"2019-1","BT"
"2019-2","BT"
"2017-11","BM"
"2017-12","BM"
"2018-1","BM"
"2018-2","BM"
"2018-3","BM"
"2018-4","BM"
"2018-5","BM"
"2018-6","BM"
"2018-7","BM"
"2018-8","BM"
"2018-9","BM"
"2018-10","BM"
"2018-11","BM"
"2018-12","BM"
"2019-1","BM"
"2019-2","BM"
"2017-11","BJ"
"2017-12","BJ"
"2018-1","BJ"
"2018-2","BJ"
"2018-3","BJ"
"2018-4","BJ"
"2018-5","BJ"
"2018-6","BJ"
"2018-7","BJ"
"2018-8","BJ"
"2018-9","BJ"
"2018-10","BJ"
"2018-11","BJ"
"2018-12","BJ"
"2019-1","BJ"
"2019-2","BJ"
"2017-11","BZ"
"2017-12","BZ"
"2018-1","BZ"
"2018-2","BZ"
"2018-3","BZ"
"2018-4","BZ"
"2018-5","BZ"
"2018-6","BZ"
"2018-7","BZ"
"2018-8","BZ"
"2018-9","BZ"
"2018-10","BZ"
"2018-11","BZ"
"2018-12","BZ"
"2019-1","BZ"
"2019-2","BZ"
"2017-11","MR"
"2017-12","MR"
"2018-1","MR"
"2018-2","MR"
"2018-3","MR"
"2018-4","MR"
"2018-5","MR"
"2018-6","MR"
"2018-7","MR"
"2018-8","MR"
"2018-9","MR"
"2018-10","MR"
"2018-11","MR"
"2018-12","MR"
"2019-1","MR"
"2019-2","MR"
"2017-11","BY"
"2017-12","BY"
"2018-1","BY"
"2018-2","BY"
"2018-3","BY"
"2018-4","BY"
"2018-5","BY"
"2018-6","BY"
"2018-7","BY"
"2018-8","BY"
"2018-9","BY"
"2018-10","BY"
"2018-11","BY"
"2018-12","BY"
"2019-1","BY"
"2019-2","BY"
"2017-11","BB"
"2017-12","BB"
"2018-1","BB"
"2018-2","BB"
"2018-3","BB"
"2018-4","BB"
"2018-5","BB"
"2018-6","BB"
"2018-7","BB"
"2018-8","BB"
"2018-9","BB"
"2018-10","BB"
"2018-11","BB"
"2018-12","BB"
"2019-1","BB"
"2019-2","BB"
"2017-11","BD"
"2017-12","BD"
"2018-1","BD"
"2018-2","BD"
"2018-3","BD"
"2018-4","BD"
"2018-5","BD"
"2018-6","BD"
"2018-7","BD"
"2018-8","BD"
"2018-9","BD"
"2018-10","BD"
"2018-11","BD"
"2018-12","BD"
"2019-1","BD"
"2019-2","BD"
"2017-11","AZ"
"2017-12","AZ"
"2018-1","AZ"
"2018-2","AZ"
"2018-3","AZ"
"2018-4","AZ"
"2018-5","AZ"
"2018-6","AZ"
"2018-7","AZ"
"2018-8","AZ"
"2018-9","AZ"
"2018-10","AZ"
"2018-11","AZ"
"2018-12","AZ"
"2019-1","AZ"
"2019-2","AZ"
"2017-11","AW"
"2017-12","AW"
"2018-1","AW"
"2018-2","AW"
"2018-3","AW"
"2018-4","AW"
"2018-5","AW"
"2018-6","AW"
"2018-7","AW"
"2018-8","AW"
"2018-9","AW"
"2018-10","AW"
"2018-11","AW"
"2018-12","AW"
"2019-1","AW"
"2019-2","AW"
"2017-11","AM"
"2017-12","AM"
"2018-1","AM"
"2018-2","AM"
"2018-3","AM"
"2018-4","AM"
"2018-5","AM"
"2018-6","AM"
"2018-7","AM"
"2018-8","AM"
"2018-9","AM"
"2018-10","AM"
"2018-11","AM"
"2018-12","AM"
"2019-1","AM"
"2019-2","AM"
"2017-11","AR"
"2017-12","AR"
"2018-1","AR"
"2018-2","AR"
"2018-3","AR"
"2018-4","AR"
"2018-5","AR"
"2018-6","AR"
"2018-7","AR"
"2018-8","AR"
"2018-9","AR"
"2018-10","AR"
"2018-11","AR"
"2018-12","AR"
"2019-1","AR"
"2019-2","AR"
"2017-11","AI"
"2017-12","AI"
"2018-1","AI"
"2018-2","AI"
"2018-3","AI"
"2018-4","AI"
"2018-5","AI"
"2018-6","AI"
"2018-7","AI"
"2018-8","AI"
"2018-9","AI"
"2018-10","AI"
"2018-11","AI"
"2018-12","AI"
"2019-1","AI"
"2019-2","AI"
"2017-11","AS"
"2017-12","AS"
"2018-1","AS"
"2018-2","AS"
"2018-3","AS"
"2018-4","AS"
"2018-5","AS"
"2018-6","AS"
"2018-7","AS"
"2018-8","AS"
"2018-9","AS"
"2018-10","AS"
"2018-11","AS"
"2018-12","AS"
"2019-1","AS"
"2019-2","AS"
"2017-11","DZ"
"2017-12","DZ"
"2018-1","DZ"
"2018-2","DZ"
"2018-3","DZ"
"2018-4","DZ"
"2018-5","DZ"
"2018-6","DZ"
"2018-7","DZ"
"2018-8","DZ"
"2018-9","DZ"
"2018-10","DZ"
"2018-11","DZ"
"2018-12","DZ"
"2019-1","DZ"
"2019-2","DZ"
"2017-11","AL"
"2017-12","AL"
"2018-1","AL"
"2018-2","AL"
"2018-3","AL"
"2018-4","AL"
"2018-5","AL"
"2018-6","AL"
"2018-7","AL"
"2018-8","AL"
"2018-9","AL"
"2018-10","AL"
"2018-11","AL"
"2018-12","AL"
"2019-1","AL"
"2019-2","AL"
"2017-11","AF"
"2017-12","AF"
"2018-1","AF"
"2018-2","AF"
"2018-3","AF"
"2018-4","AF"
"2018-5","AF"
"2018-6","AF"
"2018-7","AF"
"2018-8","AF"
"2018-9","AF"
"2018-10","AF"
"2018-11","AF"
"2018-12","AF"
"2019-1","AF"
"2019-2","AF"
"2017-11","PN"
"2017-12","PN"
"2018-1","PN"
"2018-2","PN"
"2018-3","PN"
"2018-4","PN"
"2018-5","PN"
"2018-6","PN"
"2018-7","PN"
"2018-8","PN"
"2018-9","PN"
"2018-10","PN"
"2018-11","PN"
"2018-12","PN"
"2019-1","PN"
"2019-2","PN"
"2017-11","KY"
"2017-12","KY"
"2018-1","KY"
"2018-2","KY"
"2018-3","KY"
"2018-4","KY"
"2018-5","KY"
"2018-6","KY"
"2018-7","KY"
"2018-8","KY"
"2018-9","KY"
"2018-10","KY"
"2018-11","KY"
"2018-12","KY"
"2019-1","KY"
"2019-2","KY"
"2017-11","KH"
"2017-12","KH"
"2018-1","KH"
"2018-2","KH"
"2018-3","KH"
"2018-4","KH"
"2018-5","KH"
"2018-6","KH"
"2018-7","KH"
"2018-8","KH"
"2018-9","KH"
"2018-10","KH"
"2018-11","KH"
"2018-12","KH"
"2019-1","KH"
"2019-2","KH"
"2017-11","VG"
"2017-12","VG"
"2018-1","VG"
"2018-2","VG"
"2018-3","VG"
"2018-4","VG"
"2018-5","VG"
"2018-6","VG"
"2018-7","VG"
"2018-8","VG"
"2018-9","VG"
"2018-10","VG"
"2018-11","VG"
"2018-12","VG"
"2019-1","VG"
"2019-2","VG"
"2017-11","UZ"
"2017-12","UZ"
"2018-1","UZ"
"2018-2","UZ"
"2018-3","UZ"
"2018-4","UZ"
"2018-5","UZ"
"2018-6","UZ"
"2018-7","UZ"
"2018-8","UZ"
"2018-9","UZ"
"2018-10","UZ"
"2018-11","UZ"
"2018-12","UZ"
"2019-1","UZ"
"2019-2","UZ"
"2017-11","BS"
"2017-12","BS"
"2018-1","BS"
"2018-2","BS"
"2018-3","BS"
"2018-4","BS"
"2018-5","BS"
"2018-6","BS"
"2018-7","BS"
"2018-8","BS"
"2018-9","BS"
"2018-10","BS"
"2018-11","BS"
"2018-12","BS"
"2019-1","BS"
"2019-2","BS"
"2017-11","TW"
"2017-12","TW"
"2018-1","TW"
"2018-2","TW"
"2018-3","TW"
"2018-4","TW"
"2018-5","TW"
"2018-6","TW"
"2018-7","TW"
"2018-8","TW"
"2018-9","TW"
"2018-10","TW"
"2018-11","TW"
"2018-12","TW"
"2019-1","TW"
"2019-2","TW"
"2017-11","NG"
"2017-12","NG"
"2018-1","NG"
"2018-2","NG"
"2018-3","NG"
"2018-4","NG"
"2018-5","NG"
"2018-6","NG"
"2018-7","NG"
"2018-8","NG"
"2018-9","NG"
"2018-10","NG"
"2018-11","NG"
"2018-12","NG"
"2019-1","NG"
"2019-2","NG"
"2017-11","IE"
"2017-12","IE"
"2018-1","IE"
"2018-2","IE"
"2018-3","IE"
"2018-4","IE"
"2018-5","IE"
"2018-6","IE"
"2018-7","IE"
"2018-8","IE"
"2018-9","IE"
"2018-10","IE"
"2018-11","IE"
"2018-12","IE"
"2019-1","IE"
"2019-2","IE"
"2017-11","AO"
"2017-12","AO"
"2018-1","AO"
"2018-2","AO"
"2018-3","AO"
"2018-4","AO"
"2018-5","AO"
"2018-6","AO"
"2018-7","AO"
"2018-8","AO"
"2018-9","AO"
"2018-10","AO"
"2018-11","AO"
"2018-12","AO"
"2019-1","AO"
"2019-2","AO"
"2017-11","SA"
"2017-12","SA"
"2018-1","SA"
"2018-2","SA"
"2018-3","SA"
"2018-4","SA"
"2018-5","SA"
"2018-6","SA"
"2018-7","SA"
"2018-8","SA"
"2018-9","SA"
"2018-10","SA"
"2018-11","SA"
"2018-12","SA"
"2019-1","SA"
"2019-2","SA"
"2017-11","LY"
"2017-12","LY"
"2018-1","LY"
"2018-2","LY"
"2018-3","LY"
"2018-4","LY"
"2018-5","LY"
"2018-6","LY"
"2018-7","LY"
"2018-8","LY"
"2018-9","LY"
"2018-10","LY"
"2018-11","LY"
"2018-12","LY"
"2019-1","LY"
"2019-2","LY"
"2017-11","AD"
"2017-12","AD"
"2018-1","AD"
"2018-2","AD"
"2018-3","AD"
"2018-4","AD"
"2018-5","AD"
"2018-6","AD"
"2018-7","AD"
"2018-8","AD"
"2018-9","AD"
"2018-10","AD"
"2018-11","AD"
"2018-12","AD"
"2019-1","AD"
"2019-2","AD"
"2017-11","AU"
"2017-12","AU"
"2018-1","AU"
"2018-2","AU"
"2018-3","AU"
"2018-4","AU"
"2018-5","AU"
"2018-6","AU"
"2018-7","AU"
"2018-8","AU"
"2018-9","AU"
"2018-10","AU"
"2018-11","AU"
"2018-12","AU"
"2019-1","AU"
"2019-2","AU"
"2017-11","WF"
"2017-12","WF"
"2018-1","WF"
"2018-2","WF"
"2018-3","WF"
"2018-4","WF"
"2018-5","WF"
"2018-6","WF"
"2018-7","WF"
"2018-8","WF"
"2018-9","WF"
"2018-10","WF"
"2018-11","WF"
"2018-12","WF"
"2019-1","WF"
"2019-2","WF"
"2017-11","MZ"
"2017-12","MZ"
"2018-1","MZ"
"2018-2","MZ"
"2018-3","MZ"
"2018-4","MZ"
"2018-5","MZ"
"2018-6","MZ"
"2018-7","MZ"
"2018-8","MZ"
"2018-9","MZ"
"2018-10","MZ"
"2018-11","MZ"
"2018-12","MZ"
"2019-1","MZ"
"2019-2","MZ"
"2017-11","ID"
"2017-12","ID"
"2018-1","ID"
"2018-2","ID"
"2018-3","ID"
"2018-4","ID"
"2018-5","ID"
"2018-6","ID"
"2018-7","ID"
"2018-8","ID"
"2018-9","ID"
"2018-10","ID"
"2018-11","ID"
"2018-12","ID"
"2019-1","ID"
"2019-2","ID"
"2017-11","KN"
"2017-12","KN"
"2018-1","KN"
"2018-2","KN"
"2018-3","KN"
"2018-4","KN"
"2018-5","KN"
"2018-6","KN"
"2018-7","KN"
"2018-8","KN"
"2018-9","KN"
"2018-10","KN"
"2018-11","KN"
"2018-12","KN"
"2019-1","KN"
"2019-2","KN"
"2017-11","TV"
"2017-12","TV"
"2018-1","TV"
"2018-2","TV"
"2018-3","TV"
"2018-4","TV"
"2018-5","TV"
"2018-6","TV"
"2018-7","TV"
"2018-8","TV"
"2018-9","TV"
"2018-10","TV"
"2018-11","TV"
"2018-12","TV"
"2019-1","TV"
"2019-2","TV"
"2017-11","MC"
"2017-12","MC"
"2018-1","MC"
"2018-2","MC"
"2018-3","MC"
"2018-4","MC"
"2018-5","MC"
"2018-6","MC"
"2018-7","MC"
"2018-8","MC"
"2018-9","MC"
"2018-10","MC"
"2018-11","MC"
"2018-12","MC"
"2019-1","MC"
"2019-2","MC"
"2017-11","MV"
"2017-12","MV"
"2018-1","MV"
"2018-2","MV"
"2018-3","MV"
"2018-4","MV"
"2018-5","MV"
"2018-6","MV"
"2018-7","MV"
"2018-8","MV"
"2018-9","MV"
"2018-10","MV"
"2018-11","MV"
"2018-12","MV"
"2019-1","MV"
"2019-2","MV"
"2017-11","LS"
"2017-12","LS"
"2018-1","LS"
"2018-2","LS"
"2018-3","LS"
"2018-4","LS"
"2018-5","LS"
"2018-6","LS"
"2018-7","LS"
"2018-8","LS"
"2018-9","LS"
"2018-10","LS"
"2018-11","LS"
"2018-12","LS"
"2019-1","LS"
"2019-2","LS"
"2017-11","SB"
"2017-12","SB"
"2018-1","SB"
"2018-2","SB"
"2018-3","SB"
"2018-4","SB"
"2018-5","SB"
"2018-6","SB"
"2018-7","SB"
"2018-8","SB"
"2018-9","SB"
"2018-10","SB"
"2018-11","SB"
"2018-12","SB"
"2019-1","SB"
"2019-2","SB"
"2017-11","AT"
"2017-12","AT"
"2018-1","AT"
"2018-2","AT"
"2018-3","AT"
"2018-4","AT"
"2018-5","AT"
"2018-6","AT"
"2018-7","AT"
"2018-8","AT"
"2018-9","AT"
"2018-10","AT"
"2018-11","AT"
"2018-12","AT"
"2019-1","AT"
"2019-2","AT"
"2017-11","SC"
"2017-12","SC"
"2018-1","SC"
"2018-2","SC"
"2018-3","SC"
"2018-4","SC"
"2018-5","SC"
"2018-6","SC"
"2018-7","SC"
"2018-8","SC"
"2018-9","SC"
"2018-10","SC"
"2018-11","SC"
"2018-12","SC"
"2019-1","SC"
"2019-2","SC"
"2017-11","RE"
"2017-12","RE"
"2018-1","RE"
"2018-2","RE"
"2018-3","RE"
"2018-4","RE"
"2018-5","RE"
"2018-6","RE"
"2018-7","RE"
"2018-8","RE"
"2018-9","RE"
"2018-10","RE"
"2018-11","RE"
"2018-12","RE"
"2019-1","RE"
"2019-2","RE"
"2017-11","LB"
"2017-12","LB"
"2018-1","LB"
"2018-2","LB"
"2018-3","LB"
"2018-4","LB"
"2018-5","LB"
"2018-6","LB"
"2018-7","LB"
"2018-8","LB"
"2018-9","LB"
"2018-10","LB"
"2018-11","LB"
"2018-12","LB"
"2019-1","LB"
"2019-2","LB"
"2017-11","CH"
"2017-12","CH"
"2018-1","CH"
"2018-2","CH"
"2018-3","CH"
"2018-4","CH"
"2018-5","CH"
"2018-6","CH"
"2018-7","CH"
"2018-8","CH"
"2018-9","CH"
"2018-10","CH"
"2018-11","CH"
"2018-12","CH"
"2019-1","CH"
"2019-2","CH"
"2017-11","LA"
"2017-12","LA"
"2018-1","LA"
"2018-2","LA"
"2018-3","LA"
"2018-4","LA"
"2018-5","LA"
"2018-6","LA"
"2018-7","LA"
"2018-8","LA"
"2018-9","LA"
"2018-10","LA"
"2018-11","LA"
"2018-12","LA"
"2019-1","LA"
"2019-2","LA"
"2017-11","MY"
"2017-12","MY"
"2018-1","MY"
"2018-2","MY"
"2018-3","MY"
"2018-4","MY"
"2018-5","MY"
"2018-6","MY"
"2018-7","MY"
"2018-8","MY"
"2018-9","MY"
"2018-10","MY"
"2018-11","MY"
"2018-12","MY"
"2019-1","MY"
"2019-2","MY"
"2017-11","BI"
"2017-12","BI"
"2018-1","BI"
"2018-2","BI"
"2018-3","BI"
"2018-4","BI"
"2018-5","BI"
"2018-6","BI"
"2018-7","BI"
"2018-8","BI"
"2018-9","BI"
"2018-10","BI"
"2018-11","BI"
"2018-12","BI"
"2019-1","BI"
"2019-2","BI"
"2017-11","NU"
"2017-12","NU"
"2018-1","NU"
"2018-2","NU"
"2018-3","NU"
"2018-4","NU"
"2018-5","NU"
"2018-6","NU"
"2018-7","NU"
"2018-8","NU"
"2018-9","NU"
"2018-10","NU"
"2018-11","NU"
"2018-12","NU"
"2019-1","NU"
"2019-2","NU"
"2017-11","PA"
"2017-12","PA"
"2018-1","PA"
"2018-2","PA"
"2018-3","PA"
"2018-4","PA"
"2018-5","PA"
"2018-6","PA"
"2018-7","PA"
"2018-8","PA"
"2018-9","PA"
"2018-10","PA"
"2018-11","PA"
"2018-12","PA"
"2019-1","PA"
"2019-2","PA"
"2017-11","NC"
"2017-12","NC"
"2018-1","NC"
"2018-2","NC"
"2018-3","NC"
"2018-4","NC"
"2018-5","NC"
"2018-6","NC"
"2018-7","NC"
"2018-8","NC"
"2018-9","NC"
"2018-10","NC"
"2018-11","NC"
"2018-12","NC"
"2019-1","NC"
"2019-2","NC"
"2017-11","MQ"
"2017-12","MQ"
"2018-1","MQ"
"2018-2","MQ"
"2018-3","MQ"
"2018-4","MQ"
"2018-5","MQ"
"2018-6","MQ"
"2018-7","MQ"
"2018-8","MQ"
"2018-9","MQ"
"2018-10","MQ"
"2018-11","MQ"
"2018-12","MQ"
"2019-1","MQ"
"2019-2","MQ"
"2017-11","GT"
"2017-12","GT"
"2018-1","GT"
"2018-2","GT"
"2018-3","GT"
"2018-4","GT"
"2018-5","GT"
"2018-6","GT"
"2018-7","GT"
"2018-8","GT"
"2018-9","GT"
"2018-10","GT"
"2018-11","GT"
"2018-12","GT"
"2019-1","GT"
"2019-2","GT"
"2017-11","GL"
"2017-12","GL"
"2018-1","GL"
"2018-2","GL"
"2018-3","GL"
"2018-4","GL"
"2018-5","GL"
"2018-6","GL"
"2018-7","GL"
"2018-8","GL"
"2018-9","GL"
"2018-10","GL"
"2018-11","GL"
"2018-12","GL"
"2019-1","GL"
"2019-2","GL"
"2017-11","LK"
"2017-12","LK"
"2018-1","LK"
"2018-2","LK"
"2018-3","LK"
"2018-4","LK"
"2018-5","LK"
"2018-6","LK"
"2018-7","LK"
"2018-8","LK"
"2018-9","LK"
"2018-10","LK"
"2018-11","LK"
"2018-12","LK"
"2019-1","LK"
"2019-2","LK"
"2017-11","IQ"
"2017-12","IQ"
"2018-1","IQ"
"2018-2","IQ"
"2018-3","IQ"
"2018-4","IQ"
"2018-5","IQ"
"2018-6","IQ"
"2018-7","IQ"
"2018-8","IQ"
"2018-9","IQ"
"2018-10","IQ"
"2018-11","IQ"
"2018-12","IQ"
"2019-1","IQ"
"2019-2","IQ"
"2017-11","GN"
"2017-12","GN"
"2018-1","GN"
"2018-2","GN"
"2018-3","GN"
"2018-4","GN"
"2018-5","GN"
"2018-6","GN"
"2018-7","GN"
"2018-8","GN"
"2018-9","GN"
"2018-10","GN"
"2018-11","GN"
"2018-12","GN"
"2019-1","GN"
"2019-2","GN"
"2017-11","GU"
"2017-12","GU"
"2018-1","GU"
"2018-2","GU"
"2018-3","GU"
"2018-4","GU"
"2018-5","GU"
"2018-6","GU"
"2018-7","GU"
"2018-8","GU"
"2018-9","GU"
"2018-10","GU"
"2018-11","GU"
"2018-12","GU"
"2019-1","GU"
"2019-2","GU"
"2017-11","TD"
"2017-12","TD"
"2018-1","TD"
"2018-2","TD"
"2018-3","TD"
"2018-4","TD"
"2018-5","TD"
"2018-6","TD"
"2018-7","TD"
"2018-8","TD"
"2018-9","TD"
"2018-10","TD"
"2018-11","TD"
"2018-12","TD"
"2019-1","TD"
"2019-2","TD"
"2017-11","GM"
"2017-12","GM"
"2018-1","GM"
"2018-2","GM"
"2018-3","GM"
"2018-4","GM"
"2018-5","GM"
"2018-6","GM"
"2018-7","GM"
"2018-8","GM"
"2018-9","GM"
"2018-10","GM"
"2018-11","GM"
"2018-12","GM"
"2019-1","GM"
"2019-2","GM"
"2017-11","CI"
"2017-12","CI"
"2018-1","CI"
"2018-2","CI"
"2018-3","CI"
"2018-4","CI"
"2018-5","CI"
"2018-6","CI"
"2018-7","CI"
"2018-8","CI"
"2018-9","CI"
"2018-10","CI"
"2018-11","CI"
"2018-12","CI"
"2019-1","CI"
"2019-2","CI"
"2017-11","IT"
"2017-12","IT"
"2018-1","IT"
"2018-2","IT"
"2018-3","IT"
"2018-4","IT"
"2018-5","IT"
"2018-6","IT"
"2018-7","IT"
"2018-8","IT"
"2018-9","IT"
"2018-10","IT"
"2018-11","IT"
"2018-12","IT"
"2019-1","IT"
"2019-2","IT"
"2017-11","BH"
"2017-12","BH"
"2018-1","BH"
"2018-2","BH"
"2018-3","BH"
"2018-4","BH"
"2018-5","BH"
"2018-6","BH"
"2018-7","BH"
"2018-8","BH"
"2018-9","BH"
"2018-10","BH"
"2018-11","BH"
"2018-12","BH"
"2019-1","BH"
"2019-2","BH"
"2017-11","IS"
"2017-12","IS"
"2018-1","IS"
"2018-2","IS"
"2018-3","IS"
"2018-4","IS"
"2018-5","IS"
"2018-6","IS"
"2018-7","IS"
"2018-8","IS"
"2018-9","IS"
"2018-10","IS"
"2018-11","IS"
"2018-12","IS"
"2019-1","IS"
"2019-2","IS"
"2017-11","FK"
"2017-12","FK"
"2018-1","FK"
"2018-2","FK"
"2018-3","FK"
"2018-4","FK"
"2018-5","FK"
"2018-6","FK"
"2018-7","FK"
"2018-8","FK"
"2018-9","FK"
"2018-10","FK"
"2018-11","FK"
"2018-12","FK"
"2019-1","FK"
"2019-2","FK"
"2017-11","GD"
"2017-12","GD"
"2018-1","GD"
"2018-2","GD"
"2018-3","GD"
"2018-4","GD"
"2018-5","GD"
"2018-6","GD"
"2018-7","GD"
"2018-8","GD"
"2018-9","GD"
"2018-10","GD"
"2018-11","GD"
"2018-12","GD"
"2019-1","GD"
"2019-2","GD"
"2017-11","GE"
"2017-12","GE"
"2018-1","GE"
"2018-2","GE"
"2018-3","GE"
"2018-4","GE"
"2018-5","GE"
"2018-6","GE"
"2018-7","GE"
"2018-8","GE"
"2018-9","GE"
"2018-10","GE"
"2018-11","GE"
"2018-12","GE"
"2019-1","GE"
"2019-2","GE"
"2017-11","SY"
"2017-12","SY"
"2018-1","SY"
"2018-2","SY"
"2018-3","SY"
"2018-4","SY"
"2018-5","SY"
"2018-6","SY"
"2018-7","SY"
"2018-8","SY"
"2018-9","SY"
"2018-10","SY"
"2018-11","SY"
"2018-12","SY"
"2019-1","SY"
"2019-2","SY"
"2017-11","SE"
"2017-12","SE"
"2018-1","SE"
"2018-2","SE"
"2018-3","SE"
"2018-4","SE"
"2018-5","SE"
"2018-6","SE"
"2018-7","SE"
"2018-8","SE"
"2018-9","SE"
"2018-10","SE"
"2018-11","SE"
"2018-12","SE"
"2019-1","SE"
"2019-2","SE"
"2017-11","ES"
"2017-12","ES"
"2018-1","ES"
"2018-2","ES"
"2018-3","ES"
"2018-4","ES"
"2018-5","ES"
"2018-6","ES"
"2018-7","ES"
"2018-8","ES"
"2018-9","ES"
"2018-10","ES"
"2018-11","ES"
"2018-12","ES"
"2019-1","ES"
"2019-2","ES"
"2017-11","VE"
"2017-12","VE"
"2018-1","VE"
"2018-2","VE"
"2018-3","VE"
"2018-4","VE"
"2018-5","VE"
"2018-6","VE"
"2018-7","VE"
"2018-8","VE"
"2018-9","VE"
"2018-10","VE"
"2018-11","VE"
"2018-12","VE"
"2019-1","VE"
"2019-2","VE"
"2017-11","NA"
"2017-12","NA"
"2018-1","NA"
"2018-2","NA"
"2018-3","NA"
"2018-4","NA"
"2018-5","NA"
"2018-6","NA"
"2018-7","NA"
"2018-8","NA"
"2018-9","NA"
"2018-10","NA"
"2018-11","NA"
"2018-12","NA"
"2019-1","NA"
"2019-2","NA"
"2017-11","MK"
"2017-12","MK"
"2018-1","MK"
"2018-2","MK"
"2018-3","MK"
"2018-4","MK"
"2018-5","MK"
"2018-6","MK"
"2018-7","MK"
"2018-8","MK"
"2018-9","MK"
"2018-10","MK"
"2018-11","MK"
"2018-12","MK"
"2019-1","MK"
"2019-2","MK"
"2017-11","KE"
"2017-12","KE"
"2018-1","KE"
"2018-2","KE"
"2018-3","KE"
"2018-4","KE"
"2018-5","KE"
"2018-6","KE"
"2018-7","KE"
"2018-8","KE"
"2018-9","KE"
"2018-10","KE"
"2018-11","KE"
"2018-12","KE"
"2019-1","KE"
"2019-2","KE"
"2017-11","GH"
"2017-12","GH"
"2018-1","GH"
"2018-2","GH"
"2018-3","GH"
"2018-4","GH"
"2018-5","GH"
"2018-6","GH"
"2018-7","GH"
"2018-8","GH"
"2018-9","GH"
"2018-10","GH"
"2018-11","GH"
"2018-12","GH"
"2019-1","GH"
"2019-2","GH"
"2017-11","HK"
"2017-12","HK"
"2018-1","HK"
"2018-2","HK"
"2018-3","HK"
"2018-4","HK"
"2018-5","HK"
"2018-6","HK"
"2018-7","HK"
"2018-8","HK"
"2018-9","HK"
"2018-10","HK"
"2018-11","HK"
"2018-12","HK"
"2019-1","HK"
"2019-2","HK"
"2017-11","KP"
"2017-12","KP"
"2018-1","KP"
"2018-2","KP"
"2018-3","KP"
"2018-4","KP"
"2018-5","KP"
"2018-6","KP"
"2018-7","KP"
"2018-8","KP"
"2018-9","KP"
"2018-10","KP"
"2018-11","KP"
"2018-12","KP"
"2019-1","KP"
"2019-2","KP"
"2017-11","JM"
"2017-12","JM"
"2018-1","JM"
"2018-2","JM"
"2018-3","JM"
"2018-4","JM"
"2018-5","JM"
"2018-6","JM"
"2018-7","JM"
"2018-8","JM"
"2018-9","JM"
"2018-10","JM"
"2018-11","JM"
"2018-12","JM"
"2019-1","JM"
"2019-2","JM"
"2017-11","SL"
"2017-12","SL"
"2018-1","SL"
"2018-2","SL"
"2018-3","SL"
"2018-4","SL"
"2018-5","SL"
"2018-6","SL"
"2018-7","SL"
"2018-8","SL"
"2018-9","SL"
"2018-10","SL"
"2018-11","SL"
"2018-12","SL"
"2019-1","SL"
"2019-2","SL"
"2017-11","CR"
"2017-12","CR"
"2018-1","CR"
"2018-2","CR"
"2018-3","CR"
"2018-4","CR"
"2018-5","CR"
"2018-6","CR"
"2018-7","CR"
"2018-8","CR"
"2018-9","CR"
"2018-10","CR"
"2018-11","CR"
"2018-12","CR"
"2019-1","CR"
"2019-2","CR"
"2017-11","CO"
"2017-12","CO"
"2018-1","CO"
"2018-2","CO"
"2018-3","CO"
"2018-4","CO"
"2018-5","CO"
"2018-6","CO"
"2018-7","CO"
"2018-8","CO"
"2018-9","CO"
"2018-10","CO"
"2018-11","CO"
"2018-12","CO"
"2019-1","CO"
"2019-2","CO"
"2017-11","CM"
"2017-12","CM"
"2018-1","CM"
"2018-2","CM"
"2018-3","CM"
"2018-4","CM"
"2018-5","CM"
"2018-6","CM"
"2018-7","CM"
"2018-8","CM"
"2018-9","CM"
"2018-10","CM"
"2018-11","CM"
"2018-12","CM"
"2019-1","CM"
"2019-2","CM"
"2017-11","SG"
"2017-12","SG"
"2018-1","SG"
"2018-2","SG"
"2018-3","SG"
"2018-4","SG"
"2018-5","SG"
"2018-6","SG"
"2018-7","SG"
"2018-8","SG"
"2018-9","SG"
"2018-10","SG"
"2018-11","SG"
"2018-12","SG"
"2019-1","SG"
"2019-2","SG"
"2017-11","CZ"
"2017-12","CZ"
"2018-1","CZ"
"2018-2","CZ"
"2018-3","CZ"
"2018-4","CZ"
"2018-5","CZ"
"2018-6","CZ"
"2018-7","CZ"
"2018-8","CZ"
"2018-9","CZ"
"2018-10","CZ"
"2018-11","CZ"
"2018-12","CZ"
"2019-1","CZ"
"2019-2","CZ"
"2017-11","YE"
"2017-12","YE"
"2018-1","YE"
"2018-2","YE"
"2018-3","YE"
"2018-4","YE"
"2018-5","YE"
"2018-6","YE"
"2018-7","YE"
"2018-8","YE"
"2018-9","YE"
"2018-10","YE"
"2018-11","YE"
"2018-12","YE"
"2019-1","YE"
"2019-2","YE"
"2017-11","TK"
"2017-12","TK"
"2018-1","TK"
"2018-2","TK"
"2018-3","TK"
"2018-4","TK"
"2018-5","TK"
"2018-6","TK"
"2018-7","TK"
"2018-8","TK"
"2018-9","TK"
"2018-10","TK"
"2018-11","TK"
"2018-12","TK"
"2019-1","TK"
"2019-2","TK"
"2017-11","PM"
"2017-12","PM"
"2018-1","PM"
"2018-2","PM"
"2018-3","PM"
"2018-4","PM"
"2018-5","PM"
"2018-6","PM"
"2018-7","PM"
"2018-8","PM"
"2018-9","PM"
"2018-10","PM"
"2018-11","PM"
"2018-12","PM"
"2019-1","PM"
"2019-2","PM"
"2017-11","JO"
"2017-12","JO"
"2018-1","JO"
"2018-2","JO"
"2018-3","JO"
"2018-4","JO"
"2018-5","JO"
"2018-6","JO"
"2018-7","JO"
"2018-8","JO"
"2018-9","JO"
"2018-10","JO"
"2018-11","JO"
"2018-12","JO"
"2019-1","JO"
"2019-2","JO"
"2017-11","PE"
"2017-12","PE"
"2018-1","PE"
"2018-2","PE"
"2018-3","PE"
"2018-4","PE"
"2018-5","PE"
"2018-6","PE"
"2018-7","PE"
"2018-8","PE"
"2018-9","PE"
"2018-10","PE"
"2018-11","PE"
"2018-12","PE"
"2019-1","PE"
"2019-2","PE"
"2017-11","KG"
"2017-12","KG"
"2018-1","KG"
"2018-2","KG"
"2018-3","KG"
"2018-4","KG"
"2018-5","KG"
"2018-6","KG"
"2018-7","KG"
"2018-8","KG"
"2018-9","KG"
"2018-10","KG"
"2018-11","KG"
"2018-12","KG"
"2019-1","KG"
"2019-2","KG"
"2017-11","MD"
"2017-12","MD"
"2018-1","MD"
"2018-2","MD"
"2018-3","MD"
"2018-4","MD"
"2018-5","MD"
"2018-6","MD"
"2018-7","MD"
"2018-8","MD"
"2018-9","MD"
"2018-10","MD"
"2018-11","MD"
"2018-12","MD"
"2019-1","MD"
"2019-2","MD"
"2017-11","ZA"
"2017-12","ZA"
"2018-1","ZA"
"2018-2","ZA"
"2018-3","ZA"
"2018-4","ZA"
"2018-5","ZA"
"2018-6","ZA"
"2018-7","ZA"
"2018-8","ZA"
"2018-9","ZA"
"2018-10","ZA"
"2018-11","ZA"
"2018-12","ZA"
"2019-1","ZA"
"2019-2","ZA"
"2017-11","BE"
"2017-12","BE"
"2018-1","BE"
"2018-2","BE"
"2018-3","BE"
"2018-4","BE"
"2018-5","BE"
"2018-6","BE"
"2018-7","BE"
"2018-8","BE"
"2018-9","BE"
"2018-10","BE"
"2018-11","BE"
"2018-12","BE"
"2019-1","BE"
"2019-2","BE"
"2017-11","NL"
"2017-12","NL"
"2018-1","NL"
"2018-2","NL"
"2018-3","NL"
"2018-4","NL"
"2018-5","NL"
"2018-6","NL"
"2018-7","NL"
"2018-8","NL"
"2018-9","NL"
"2018-10","NL"
"2018-11","NL"
"2018-12","NL"
"2019-1","NL"
"2019-2","NL"
"2017-11","CU"
"2017-12","CU"
"2018-1","CU"
"2018-2","CU"
"2018-3","CU"
"2018-4","CU"
"2018-5","CU"
"2018-6","CU"
"2018-7","CU"
"2018-8","CU"
"2018-9","CU"
"2018-10","CU"
"2018-11","CU"
"2018-12","CU"
"2019-1","CU"
"2019-2","CU"
"2017-11","PH"
"2017-12","PH"
"2018-1","PH"
"2018-2","PH"
"2018-3","PH"
"2018-4","PH"
"2018-5","PH"
"2018-6","PH"
"2018-7","PH"
"2018-8","PH"
"2018-9","PH"
"2018-10","PH"
"2018-11","PH"
"2018-12","PH"
"2019-1","PH"
"2019-2","PH"
"2017-11","MG"
"2017-12","MG"
"2018-1","MG"
"2018-2","MG"
"2018-3","MG"
"2018-4","MG"
"2018-5","MG"
"2018-6","MG"
"2018-7","MG"
"2018-8","MG"
"2018-9","MG"
"2018-10","MG"
"2018-11","MG"
"2018-12","MG"
"2019-1","MG"
"2019-2","MG"
"2017-11","SV"
"2017-12","SV"
"2018-1","SV"
"2018-2","SV"
"2018-3","SV"
"2018-4","SV"
"2018-5","SV"
"2018-6","SV"
"2018-7","SV"
"2018-8","SV"
"2018-9","SV"
"2018-10","SV"
"2018-11","SV"
"2018-12","SV"
"2019-1","SV"
"2019-2","SV"
"2017-11","HT"
"2017-12","HT"
"2018-1","HT"
"2018-2","HT"
"2018-3","HT"
"2018-4","HT"
"2018-5","HT"
"2018-6","HT"
"2018-7","HT"
"2018-8","HT"
"2018-9","HT"
"2018-10","HT"
"2018-11","HT"
"2018-12","HT"
"2019-1","HT"
"2019-2","HT"
"2017-11","SO"
"2017-12","SO"
"2018-1","SO"
"2018-2","SO"
"2018-3","SO"
"2018-4","SO"
"2018-5","SO"
"2018-6","SO"
"2018-7","SO"
"2018-8","SO"
"2018-9","SO"
"2018-10","SO"
"2018-11","SO"
"2018-12","SO"
"2019-1","SO"
"2019-2","SO"
"2017-11","PF"
"2017-12","PF"
"2018-1","PF"
"2018-2","PF"
"2018-3","PF"
"2018-4","PF"
"2018-5","PF"
"2018-6","PF"
"2018-7","PF"
"2018-8","PF"
"2018-9","PF"
"2018-10","PF"
"2018-11","PF"
"2018-12","PF"
"2019-1","PF"
"2019-2","PF"
"2017-11","TM"
"2017-12","TM"
"2018-1","TM"
"2018-2","TM"
"2018-3","TM"
"2018-4","TM"
"2018-5","TM"
"2018-6","TM"
"2018-7","TM"
"2018-8","TM"
"2018-9","TM"
"2018-10","TM"
"2018-11","TM"
"2018-12","TM"
"2019-1","TM"
"2019-2","TM"
"2017-11","ER"
"2017-12","ER"
"2018-1","ER"
"2018-2","ER"
"2018-3","ER"
"2018-4","ER"
"2018-5","ER"
"2018-6","ER"
"2018-7","ER"
"2018-8","ER"
"2018-9","ER"
"2018-10","ER"
"2018-11","ER"
"2018-12","ER"
"2019-1","ER"
"2019-2","ER"
"2017-11","NE"
"2017-12","NE"
"2018-1","NE"
"2018-2","NE"
"2018-3","NE"
"2018-4","NE"
"2018-5","NE"
"2018-6","NE"
"2018-7","NE"
"2018-8","NE"
"2018-9","NE"
"2018-10","NE"
"2018-11","NE"
"2018-12","NE"
"2019-1","NE"
"2019-2","NE"
"2017-11","MW"
"2017-12","MW"
"2018-1","MW"
"2018-2","MW"
"2018-3","MW"
"2018-4","MW"
"2018-5","MW"
"2018-6","MW"
"2018-7","MW"
"2018-8","MW"
"2018-9","MW"
"2018-10","MW"
"2018-11","MW"
"2018-12","MW"
"2019-1","MW"
"2019-2","MW"
"2017-11","IL"
"2017-12","IL"
"2018-1","IL"
"2018-2","IL"
"2018-3","IL"
"2018-4","IL"
"2018-5","IL"
"2018-6","IL"
"2018-7","IL"
"2018-8","IL"
"2018-9","IL"
"2018-10","IL"
"2018-11","IL"
"2018-12","IL"
"2019-1","IL"
"2019-2","IL"
"2017-11","AG"
"2017-12","AG"
"2018-1","AG"
"2018-2","AG"
"2018-3","AG"
"2018-4","AG"
"2018-5","AG"
"2018-6","AG"
"2018-7","AG"
"2018-8","AG"
"2018-9","AG"
"2018-10","AG"
"2018-11","AG"
"2018-12","AG"
"2019-1","AG"
"2019-2","AG"
"2017-11","BO"
"2017-12","BO"
"2018-1","BO"
"2018-2","BO"
"2018-3","BO"
"2018-4","BO"
"2018-5","BO"
"2018-6","BO"
"2018-7","BO"
"2018-8","BO"
"2018-9","BO"
"2018-10","BO"
"2018-11","BO"
"2018-12","BO"
"2019-1","BO"
"2019-2","BO"
